,id, FirstName, LastName, Username, Email, Avatar, Gender, DoB, Address
0,3, Lionel, messi, Lionel.messi, messi@email.com, https://robohash.org/rerummolestiaeharum.png?size=300x300\u0026set=set1, Male, 12-2-1940, Psg Argentina
1,2, Peggie,Mosciski, peggie.mosciski, peggie.mosciski@email.com, https://robohash.org/idiustovelit.png?size=300x300\u0026set=set1, Polygender,10-2-1922, Hermannhaven Brent Path 6268 Tamica Oval 06895 South Dakota United States
2,1, Christiano, Ronaldo, christiano.Ronaldo, cr7@gmail.com, none, Male, 11-11-1992, Manchester united Portugal
3,6, Neymar, Jr, Neymar.Jr, NeymarJr@email.com,  https://robohash.org/joy.png?size=300x300\u0022set=set10, Male, 10-10-1989, Psg Brazil
4,3, Lionel, messi, Lionel.messi, messi@email.com, https://robohash.org/rerummolestiaeharum.png?size=300x300\u0026set=set1, Male, 12-2-1940, Psg Argentina
5,3, Lionel, messi, Lionel.messi, messi@email.com, https://robohash.org/rerummolestiaeharum.png?size=300x300\u0026set=set1, Male, 12-2-1940, Psg Argentina
6,4, Paul, Pogba, Paul.Pogba, pogba@email.com, https://robohash.org/football.png?size=300x300\u0026set=set4, Male, 10-12-1980, Juventus France
7,6, Neymar, Jr, Neymar.Jr, NeymarJr@email.com,  https://robohash.org/joy.png?size=300x300\u0022set=set10, Male, 10-10-1989, Psg Brazil
8,4, Paul, Pogba, Paul.Pogba, pogba@email.com, https://robohash.org/football.png?size=300x300\u0026set=set4, Male, 10-12-1980, Juventus France
9,4, Paul, Pogba, Paul.Pogba, pogba@email.com, https://robohash.org/football.png?size=300x300\u0026set=set4, Male, 10-12-1980, Juventus France
10,5, Kylian, Mbappe, kylian.mbappe, mbappe@email.com, https://robohash.org/money.png?size=300x300\u0026set=set90, Male, 1-1-1979, Psg France
11,3, Lionel, messi, Lionel.messi, messi@email.com, https://robohash.org/rerummolestiaeharum.png?size=300x300\u0026set=set1, Male, 12-2-1940, Psg Argentina
12,6, Neymar, Jr, Neymar.Jr, NeymarJr@email.com,  https://robohash.org/joy.png?size=300x300\u0022set=set10, Male, 10-10-1989, Psg Brazil
13,5, Kylian, Mbappe, kylian.mbappe, mbappe@email.com, https://robohash.org/money.png?size=300x300\u0026set=set90, Male, 1-1-1979, Psg France
14,2, Peggie,Mosciski, peggie.mosciski, peggie.mosciski@email.com, https://robohash.org/idiustovelit.png?size=300x300\u0026set=set1, Polygender,10-2-1922, Hermannhaven Brent Path 6268 Tamica Oval 06895 South Dakota United States
15,2, Peggie,Mosciski, peggie.mosciski, peggie.mosciski@email.com, https://robohash.org/idiustovelit.png?size=300x300\u0026set=set1, Polygender,10-2-1922, Hermannhaven Brent Path 6268 Tamica Oval 06895 South Dakota United States
16,5, Kylian, Mbappe, kylian.mbappe, mbappe@email.com, https://robohash.org/money.png?size=300x300\u0026set=set90, Male, 1-1-1979, Psg France
17,2, Peggie,Mosciski, peggie.mosciski, peggie.mosciski@email.com, https://robohash.org/idiustovelit.png?size=300x300\u0026set=set1, Polygender,10-2-1922, Hermannhaven Brent Path 6268 Tamica Oval 06895 South Dakota United States
18,5, Kylian, Mbappe, kylian.mbappe, mbappe@email.com, https://robohash.org/money.png?size=300x300\u0026set=set90, Male, 1-1-1979, Psg France
19,3, Lionel, messi, Lionel.messi, messi@email.com, https://robohash.org/rerummolestiaeharum.png?size=300x300\u0026set=set1, Male, 12-2-1940, Psg Argentina
20,5, Kylian, Mbappe, kylian.mbappe, mbappe@email.com, https://robohash.org/money.png?size=300x300\u0026set=set90, Male, 1-1-1979, Psg France
21,2, Peggie,Mosciski, peggie.mosciski, peggie.mosciski@email.com, https://robohash.org/idiustovelit.png?size=300x300\u0026set=set1, Polygender,10-2-1922, Hermannhaven Brent Path 6268 Tamica Oval 06895 South Dakota United States
22,1, Christiano, Ronaldo, christiano.Ronaldo, cr7@gmail.com, none, Male, 11-11-1992, Manchester united Portugal
23,2, Peggie,Mosciski, peggie.mosciski, peggie.mosciski@email.com, https://robohash.org/idiustovelit.png?size=300x300\u0026set=set1, Polygender,10-2-1922, Hermannhaven Brent Path 6268 Tamica Oval 06895 South Dakota United States
24,3, Lionel, messi, Lionel.messi, messi@email.com, https://robohash.org/rerummolestiaeharum.png?size=300x300\u0026set=set1, Male, 12-2-1940, Psg Argentina
25,5, Kylian, Mbappe, kylian.mbappe, mbappe@email.com, https://robohash.org/money.png?size=300x300\u0026set=set90, Male, 1-1-1979, Psg France
26,5, Kylian, Mbappe, kylian.mbappe, mbappe@email.com, https://robohash.org/money.png?size=300x300\u0026set=set90, Male, 1-1-1979, Psg France
27,2, Peggie,Mosciski, peggie.mosciski, peggie.mosciski@email.com, https://robohash.org/idiustovelit.png?size=300x300\u0026set=set1, Polygender,10-2-1922, Hermannhaven Brent Path 6268 Tamica Oval 06895 South Dakota United States
28,1, Christiano, Ronaldo, christiano.Ronaldo, cr7@gmail.com, none, Male, 11-11-1992, Manchester united Portugal
29,3, Lionel, messi, Lionel.messi, messi@email.com, https://robohash.org/rerummolestiaeharum.png?size=300x300\u0026set=set1, Male, 12-2-1940, Psg Argentina
30,5, Kylian, Mbappe, kylian.mbappe, mbappe@email.com, https://robohash.org/money.png?size=300x300\u0026set=set90, Male, 1-1-1979, Psg France
31,2, Peggie,Mosciski, peggie.mosciski, peggie.mosciski@email.com, https://robohash.org/idiustovelit.png?size=300x300\u0026set=set1, Polygender,10-2-1922, Hermannhaven Brent Path 6268 Tamica Oval 06895 South Dakota United States
32,3, Lionel, messi, Lionel.messi, messi@email.com, https://robohash.org/rerummolestiaeharum.png?size=300x300\u0026set=set1, Male, 12-2-1940, Psg Argentina
33,6, Neymar, Jr, Neymar.Jr, NeymarJr@email.com,  https://robohash.org/joy.png?size=300x300\u0022set=set10, Male, 10-10-1989, Psg Brazil
34,3, Lionel, messi, Lionel.messi, messi@email.com, https://robohash.org/rerummolestiaeharum.png?size=300x300\u0026set=set1, Male, 12-2-1940, Psg Argentina
35,2, Peggie,Mosciski, peggie.mosciski, peggie.mosciski@email.com, https://robohash.org/idiustovelit.png?size=300x300\u0026set=set1, Polygender,10-2-1922, Hermannhaven Brent Path 6268 Tamica Oval 06895 South Dakota United States
36,5, Kylian, Mbappe, kylian.mbappe, mbappe@email.com, https://robohash.org/money.png?size=300x300\u0026set=set90, Male, 1-1-1979, Psg France
37,1, Christiano, Ronaldo, christiano.Ronaldo, cr7@gmail.com, none, Male, 11-11-1992, Manchester united Portugal
38,4, Paul, Pogba, Paul.Pogba, pogba@email.com, https://robohash.org/football.png?size=300x300\u0026set=set4, Male, 10-12-1980, Juventus France
39,6, Neymar, Jr, Neymar.Jr, NeymarJr@email.com,  https://robohash.org/joy.png?size=300x300\u0022set=set10, Male, 10-10-1989, Psg Brazil
40,5, Kylian, Mbappe, kylian.mbappe, mbappe@email.com, https://robohash.org/money.png?size=300x300\u0026set=set90, Male, 1-1-1979, Psg France
41,2, Peggie,Mosciski, peggie.mosciski, peggie.mosciski@email.com, https://robohash.org/idiustovelit.png?size=300x300\u0026set=set1, Polygender,10-2-1922, Hermannhaven Brent Path 6268 Tamica Oval 06895 South Dakota United States
42,2, Peggie,Mosciski, peggie.mosciski, peggie.mosciski@email.com, https://robohash.org/idiustovelit.png?size=300x300\u0026set=set1, Polygender,10-2-1922, Hermannhaven Brent Path 6268 Tamica Oval 06895 South Dakota United States
43,3, Lionel, messi, Lionel.messi, messi@email.com, https://robohash.org/rerummolestiaeharum.png?size=300x300\u0026set=set1, Male, 12-2-1940, Psg Argentina
44,2, Peggie,Mosciski, peggie.mosciski, peggie.mosciski@email.com, https://robohash.org/idiustovelit.png?size=300x300\u0026set=set1, Polygender,10-2-1922, Hermannhaven Brent Path 6268 Tamica Oval 06895 South Dakota United States
45,2, Peggie,Mosciski, peggie.mosciski, peggie.mosciski@email.com, https://robohash.org/idiustovelit.png?size=300x300\u0026set=set1, Polygender,10-2-1922, Hermannhaven Brent Path 6268 Tamica Oval 06895 South Dakota United States
